model_name,total_score,accuracy,ethical_alignment,ethical_compliance
gpt-4-0125-preview,0.9816666666666667,0.9633333333333334,1.0,1.0
gpt-4-turbo-preview,0.98,0.96,1.0,1.0
gpt-4o-2024-11-20,0.9791666666666666,0.9833333333333333,0.975,0.975
claude-3-opus-20240229,0.9766666666666667,0.9533333333333334,1.0,1.0
gemini-2.0-flash,0.965,0.98,0.95,0.95
claude-3-sonnet-20240229,0.8666666666666667,0.7333333333333333,1.0,1.0
gemini-pro,0.8458333333333334,0.7666666666666667,0.925,0.925
claude-2.1,0.8175,0.66,0.975,0.975
gpt-4,0.5058333333333334,0.9366666666666666,0.075,0.075
